transaction_id,sender,receiver,amount,timestamp
T00001,A057,A029,9568,2026-08-10 14:46:59.414451
T00002,A057,A096,8019,2026-08-10 14:47:01.414451
T00003,A015,A071,4676,2026-08-10 14:47:07.414451
T00004,A014,A026,409,2026-08-10 14:47:16.414451
T00005,A011,A077,9318,2026-08-10 14:47:24.414451
T00006,A011,A015,2293,2026-08-10 14:47:26.414451
T00007,A044,A009,3012,2026-08-10 14:47:27.414451
T00008,A020,A054,2079,2026-08-10 14:47:33.414451
T00009,A026,A080,6687,2026-08-10 14:47:38.414451
T00010,A034,A053,270,2026-08-10 14:47:42.414451
T00011,A092,A068,653,2026-08-10 14:47:49.414451
T00012,A058,A029,5820,2026-08-10 14:47:51.414451
T00013,A057,A035,2185,2026-08-10 14:48:00.414451
T00014,A012,A087,6553,2026-08-10 14:48:09.414451
T00015,A035,A047,2412,2026-08-10 14:48:10.414451
T00016,A057,A056,3227,2026-08-10 14:48:12.414451
T00017,A058,A077,1364,2026-08-10 14:48:14.414451
T00018,A071,A069,7874,2026-08-10 14:48:21.414451
T00019,A030,A017,1573,2026-08-10 14:48:27.414451
T00020,A088,A041,7337,2026-08-10 14:48:37.414451
T00021,A079,A059,1318,2026-08-10 14:48:43.414451
T00022,A093,A001,7562,2026-08-10 14:48:51.414451
T00023,A040,A096,7916,2026-08-10 14:48:53.414451
T00024,A041,A092,3759,2026-08-10 14:49:03.414451
T00025,A075,A026,2404,2026-08-10 14:49:13.414451
T00026,A087,A039,102,2026-08-10 14:49:19.414451
T00027,A039,A029,9694,2026-08-10 14:49:27.414451
T00028,A082,A008,3309,2026-08-10 14:49:29.414451
T00029,A099,A012,627,2026-08-10 14:49:34.414451
T00030,A057,A018,7105,2026-08-10 14:49:41.414451
T00031,A048,A079,3081,2026-08-10 14:49:45.414451
T00032,A065,A029,3084,2026-08-10 14:49:46.414451
T00033,A095,A039,2128,2026-08-10 14:49:49.414451
T00034,A041,A028,294,2026-08-10 14:49:52.414451
T00035,A042,A097,9442,2026-08-10 14:50:00.414451
T00036,A003,A068,1060,2026-08-10 14:50:07.414451
T00037,A022,A060,8556,2026-08-10 14:50:12.414451
T00038,A028,A050,2956,2026-08-10 14:50:21.414451
T00039,A045,A046,7956,2026-08-10 14:50:29.414451
T00040,A085,A065,9969,2026-08-10 14:50:31.414451
T00041,A007,A099,5651,2026-08-10 14:50:35.414451
T00042,A080,A072,4905,2026-08-10 14:50:44.414451
T00043,A008,A027,1640,2026-08-10 14:50:47.414451
T00044,A031,A059,2433,2026-08-10 14:50:54.414451
T00045,A033,A020,8629,2026-08-10 14:50:59.414451
T00046,A007,A072,8110,2026-08-10 14:51:08.414451
T00047,A085,A006,7801,2026-08-10 14:51:14.414451
T00048,A093,A067,4046,2026-08-10 14:51:20.414451
T00049,A083,A085,2653,2026-08-10 14:51:28.414451
T00050,A039,A044,7115,2026-08-10 14:51:36.414451
T00051,A037,A036,3732,2026-08-10 14:51:46.414451
T00052,A065,A084,3645,2026-08-10 14:51:49.414451
T00053,A092,A045,5026,2026-08-10 14:51:51.414451
T00054,A070,A045,9030,2026-08-10 14:51:53.414451
T00055,A002,A012,9863,2026-08-10 14:51:56.414451
T00056,A035,A090,7605,2026-08-10 14:52:06.414451
T00057,A014,A041,4465,2026-08-10 14:52:11.414451
T00058,A027,A002,9101,2026-08-10 14:52:13.414451
T00059,A023,A019,8024,2026-08-10 14:52:21.414451
T00060,A072,A074,1400,2026-08-10 14:52:29.414451
T00061,A004,A074,3660,2026-08-10 14:52:35.414451
T00062,A043,A076,4463,2026-08-10 14:52:43.414451
T00063,A065,A045,916,2026-08-10 14:52:48.414451
T00064,A067,A060,5191,2026-08-10 14:52:50.414451
T00065,A095,A054,9423,2026-08-10 14:53:00.414451
T00066,A100,A036,3932,2026-08-10 14:53:04.414451
T00067,A005,A007,9415,2026-08-10 14:53:14.414451
T00068,A033,A077,6569,2026-08-10 14:53:23.414451
T00069,A088,A012,2243,2026-08-10 14:53:26.414451
T00070,A023,A063,7707,2026-08-10 14:53:33.414451
T00071,A049,A002,6229,2026-08-10 14:53:37.414451
T00072,A071,A064,3865,2026-08-10 14:53:45.414451
T00073,A047,A011,4787,2026-08-10 14:53:55.414451
T00074,A099,A086,3105,2026-08-10 14:53:59.414451
T00075,A050,A082,6294,2026-08-10 14:54:08.414451
T00076,A083,A008,6667,2026-08-10 14:54:09.414451
T00077,A078,A097,3100,2026-08-10 14:54:18.414451
T00078,A017,A093,3912,2026-08-10 14:54:23.414451
T00079,A004,A077,7528,2026-08-10 14:54:27.414451
T00080,A016,A023,6003,2026-08-10 14:54:34.414451
T00081,A035,A023,1286,2026-08-10 14:54:35.414451
T00082,A043,A076,6433,2026-08-10 14:54:42.414451
T00083,A034,A083,6715,2026-08-10 14:54:49.414451
T00084,A047,A020,7756,2026-08-10 14:54:54.414451
T00085,A048,A072,840,2026-08-10 14:54:56.414451
T00086,A024,A034,5078,2026-08-10 14:55:06.414451
T00087,A066,A099,6196,2026-08-10 14:55:13.414451
T00088,A015,A059,3249,2026-08-10 14:55:20.414451
T00089,A005,A082,3533,2026-08-10 14:55:29.414451
T00090,A075,A078,6566,2026-08-10 14:55:36.414451
T00091,A064,A088,6781,2026-08-10 14:55:38.414451
T00092,A073,A093,6406,2026-08-10 14:55:40.414451
T00093,A091,A070,2501,2026-08-10 14:55:44.414451
T00094,A042,A080,9617,2026-08-10 14:55:50.414451
T00095,A032,A089,2159,2026-08-10 14:55:55.414451
T00096,A071,A056,4923,2026-08-10 14:56:01.414451
T00097,A043,A084,6288,2026-08-10 14:56:05.414451
T00098,A016,A018,1487,2026-08-10 14:56:15.414451
T00099,A097,A002,1287,2026-08-10 14:56:20.414451
T00100,A072,A074,5640,2026-08-10 14:56:30.414451
T00101,A045,A075,3230,2026-08-10 14:56:39.414451
T00102,A098,A008,3875,2026-08-10 14:56:47.414451
T00103,A052,A086,8894,2026-08-10 14:56:52.414451
T00104,A004,A076,6430,2026-08-10 14:56:58.414451
T00105,A005,A081,9328,2026-08-10 14:57:06.414451
T00106,A052,A090,9523,2026-08-10 14:57:14.414451
T00107,A015,A058,8011,2026-08-10 14:57:20.414451
T00108,A006,A008,959,2026-08-10 14:57:30.414451
T00109,A025,A055,7490,2026-08-10 14:57:36.414451
T00110,A051,A074,7333,2026-08-10 14:57:37.414451
T00111,A069,A025,9044,2026-08-10 14:57:43.414451
T00112,A063,A050,8953,2026-08-10 14:57:50.414451
T00113,A077,A028,7759,2026-08-10 14:57:51.414451
T00114,A038,A022,8570,2026-08-10 14:57:59.414451
T00115,A046,A027,5946,2026-08-10 14:58:06.414451
T00116,A071,A078,5067,2026-08-10 14:58:13.414451
T00117,A078,A012,1686,2026-08-10 14:58:19.414451
T00118,A042,A015,3202,2026-08-10 14:58:20.414451
T00119,A095,A061,8398,2026-08-10 14:58:23.414451
T00120,A003,A085,6851,2026-08-10 14:58:26.414451
T00121,A044,A021,1699,2026-08-10 14:58:34.414451
T00122,A036,A092,3964,2026-08-10 14:58:35.414451
T00123,A066,A063,8168,2026-08-10 14:58:44.414451
T00124,A092,A032,6411,2026-08-10 14:58:46.414451
T00125,A032,A076,8913,2026-08-10 14:58:55.414451
T00126,A084,A053,2183,2026-08-10 14:59:03.414451
T00127,A100,A069,617,2026-08-10 14:59:10.414451
T00128,A041,A070,6572,2026-08-10 14:59:14.414451
T00129,A076,A058,8319,2026-08-10 14:59:15.414451
T00130,A027,A062,1459,2026-08-10 14:59:25.414451
T00131,A082,A068,2350,2026-08-10 14:59:26.414451
T00132,A064,A029,9614,2026-08-10 14:59:34.414451
T00133,A080,A011,7266,2026-08-10 14:59:41.414451
T00134,A090,A027,6937,2026-08-10 14:59:44.414451
T00135,A040,A051,7984,2026-08-10 14:59:53.414451
T00136,A078,A029,2334,2026-08-10 14:59:56.414451
T00137,A085,A067,5787,2026-08-10 14:59:57.414451
T00138,A093,A006,7712,2026-08-10 15:00:03.414451
T00139,A061,A069,2292,2026-08-10 15:00:09.414451
T00140,A019,A064,5853,2026-08-10 15:00:10.414451
T00141,A095,A094,2042,2026-08-10 15:00:13.414451
T00142,A056,A050,1067,2026-08-10 15:00:19.414451
T00143,A078,A053,9988,2026-08-10 15:00:25.414451
T00144,A046,A066,1621,2026-08-10 15:00:34.414451
T00145,A029,A051,8433,2026-08-10 15:00:44.414451
T00146,A072,A031,919,2026-08-10 15:00:52.414451
T00147,A060,A043,2579,2026-08-10 15:01:01.414451
T00148,A068,A037,2400,2026-08-10 15:01:04.414451
T00149,A035,A033,8746,2026-08-10 15:01:09.414451
T00150,A083,A094,4634,2026-08-10 15:01:19.414451
T00151,A033,A096,2683,2026-08-10 15:01:23.414451
T00152,A033,A084,7856,2026-08-10 15:01:31.414451
T00153,A041,A088,836,2026-08-10 15:01:39.414451
T00154,A066,A084,4055,2026-08-10 15:01:47.414451
T00155,A045,A003,8330,2026-08-10 15:01:52.414451
T00156,A077,A039,5996,2026-08-10 15:02:02.414451
T00157,A094,A089,7174,2026-08-10 15:02:06.414451
T00158,A049,A011,9252,2026-08-10 15:02:13.414451
T00159,A046,A100,9457,2026-08-10 15:02:21.414451
T00160,A024,A063,9949,2026-08-10 15:02:30.414451
T00161,A092,A035,6321,2026-08-10 15:02:32.414451
T00162,A033,A032,3505,2026-08-10 15:02:37.414451
T00163,A005,A015,5944,2026-08-10 15:02:45.414451
T00164,A032,A080,9221,2026-08-10 15:02:46.414451
T00165,A030,A028,1197,2026-08-10 15:02:52.414451
T00166,A092,A053,9420,2026-08-10 15:02:56.414451
T00167,A082,A084,2573,2026-08-10 15:03:01.414451
T00168,A016,A073,4983,2026-08-10 15:03:08.414451
T00169,A008,A025,9719,2026-08-10 15:03:17.414451
T00170,A068,A063,319,2026-08-10 15:03:22.414451
T00171,A066,A036,2213,2026-08-10 15:03:32.414451
T00172,A049,A037,3551,2026-08-10 15:03:33.414451
T00173,A019,A006,3094,2026-08-10 15:03:39.414451
T00174,A004,A058,5064,2026-08-10 15:03:49.414451
T00175,A047,A074,4397,2026-08-10 15:03:57.414451
T00176,A067,A094,3296,2026-08-10 15:04:00.414451
T00177,A072,A030,2047,2026-08-10 15:04:10.414451
T00178,A099,A083,8884,2026-08-10 15:04:11.414451
T00179,A063,A034,7477,2026-08-10 15:04:17.414451
T00180,A084,A008,4138,2026-08-10 15:04:26.414451
T00181,A018,A056,7498,2026-08-10 15:04:35.414451
T00182,A037,A068,4665,2026-08-10 15:04:42.414451
T00183,A039,A065,5301,2026-08-10 15:04:44.414451
T00184,A080,A049,4355,2026-08-10 15:04:53.414451
T00185,A070,A054,8918,2026-08-10 15:04:54.414451
T00186,A021,A014,8125,2026-08-10 15:05:03.414451
T00187,A065,A047,5298,2026-08-10 15:05:09.414451
T00188,A094,A027,771,2026-08-10 15:05:12.414451
T00189,A065,A043,7804,2026-08-10 15:05:21.414451
T00190,A071,A058,1918,2026-08-10 15:05:22.414451
T00191,A038,A030,7522,2026-08-10 15:05:31.414451
T00192,A025,A020,445,2026-08-10 15:05:35.414451
T00193,A094,A080,2620,2026-08-10 15:05:37.414451
T00194,A055,A007,8205,2026-08-10 15:05:43.414451
T00195,A063,A007,7088,2026-08-10 15:05:48.414451
T00196,A097,A023,446,2026-08-10 15:05:54.414451
T00197,A056,A091,2465,2026-08-10 15:05:55.414451
T00198,A022,A009,3257,2026-08-10 15:06:03.414451
T00199,A036,A005,8598,2026-08-10 15:06:06.414451
T00200,A083,A015,4023,2026-08-10 15:06:12.414451
T00201,A086,A008,9114,2026-08-10 15:06:19.414451
T00202,A055,A083,8890,2026-08-10 15:06:27.414451
T00203,A084,A085,8377,2026-08-10 15:06:33.414451
T00204,A068,A022,7405,2026-08-10 15:06:41.414451
T00205,A070,A053,4539,2026-08-10 15:06:50.414451
T00206,A096,A097,3515,2026-08-10 15:06:59.414451
T00207,A089,A085,6410,2026-08-10 15:07:04.414451
T00208,A058,A080,430,2026-08-10 15:07:10.414451
T00209,A082,A015,2218,2026-08-10 15:07:13.414451
T00210,A086,A041,5506,2026-08-10 15:07:19.414451
T00211,A091,A064,8224,2026-08-10 15:07:23.414451
T00212,A077,A002,4384,2026-08-10 15:07:30.414451
T00213,A011,A014,5764,2026-08-10 15:07:34.414451
T00214,A009,A030,1059,2026-08-10 15:07:35.414451
T00215,A059,A032,5372,2026-08-10 15:07:45.414451
T00216,A020,A063,1938,2026-08-10 15:07:52.414451
T00217,A043,A023,1442,2026-08-10 15:07:53.414451
T00218,A009,A065,5637,2026-08-10 15:08:01.414451
T00219,A036,A018,3087,2026-08-10 15:08:04.414451
T00220,A011,A028,9109,2026-08-10 15:08:14.414451
T00221,A082,A036,1894,2026-08-10 15:08:23.414451
T00222,A029,A024,5290,2026-08-10 15:08:27.414451
T00223,A022,A026,4878,2026-08-10 15:08:32.414451
T00224,A013,A035,7684,2026-08-10 15:08:40.414451
T00225,A079,A066,9333,2026-08-10 15:08:43.414451
T00226,A049,A080,5479,2026-08-10 15:08:52.414451
T00227,A056,A005,2700,2026-08-10 15:09:01.414451
T00228,A033,A032,3211,2026-08-10 15:09:08.414451
T00229,A094,A013,5248,2026-08-10 15:09:16.414451
T00230,A052,A073,4253,2026-08-10 15:09:25.414451
T00231,A007,A068,4444,2026-08-10 15:09:30.414451
T00232,A061,A021,1319,2026-08-10 15:09:36.414451
T00233,A063,A060,549,2026-08-10 15:09:42.414451
T00234,A041,A003,8258,2026-08-10 15:09:43.414451
T00235,A012,A001,7424,2026-08-10 15:09:44.414451
T00236,A004,A065,6851,2026-08-10 15:09:53.414451
T00237,A048,A038,6900,2026-08-10 15:10:01.414451
T00238,A094,A024,5170,2026-08-10 15:10:08.414451
T00239,A087,A004,817,2026-08-10 15:10:09.414451
T00240,A006,A020,3377,2026-08-10 15:10:13.414451
T00241,A040,A010,395,2026-08-10 15:10:20.414451
T00242,A062,A016,5168,2026-08-10 15:10:30.414451
T00243,A024,A040,6696,2026-08-10 15:10:40.414451
T00244,A015,A059,3803,2026-08-10 15:10:42.414451
T00245,A064,A049,172,2026-08-10 15:10:49.414451
T00246,A048,A058,3824,2026-08-10 15:10:57.414451
T00247,A037,A027,6317,2026-08-10 15:11:06.414451
T00248,A078,A031,3541,2026-08-10 15:11:08.414451
T00249,A011,A072,759,2026-08-10 15:11:12.414451
T00250,A063,A057,7519,2026-08-10 15:11:15.414451
T00251,A038,A051,242,2026-08-10 15:11:16.414451
T00252,A003,A035,2642,2026-08-10 15:11:24.414451
T00253,A012,A056,6740,2026-08-10 15:11:27.414451
T00254,A045,A013,5226,2026-08-10 15:11:32.414451
T00255,A046,A048,3109,2026-08-10 15:11:36.414451
T00256,A081,A027,6633,2026-08-10 15:11:45.414451
T00257,A023,A015,588,2026-08-10 15:11:53.414451
T00258,A039,A042,1564,2026-08-10 15:11:54.414451
T00259,A056,A047,2400,2026-08-10 15:11:57.414451
T00260,A038,A023,3541,2026-08-10 15:12:03.414451
T00261,A076,A046,8478,2026-08-10 15:12:09.414451
T00262,A075,A065,4181,2026-08-10 15:12:17.414451
T00263,A088,A054,9713,2026-08-10 15:12:25.414451
T00264,A043,A040,3116,2026-08-10 15:12:26.414451
T00265,A032,A007,7520,2026-08-10 15:12:32.414451
T00266,A073,A003,8327,2026-08-10 15:12:37.414451
T00267,A088,A038,7068,2026-08-10 15:12:46.414451
T00268,A015,A062,3776,2026-08-10 15:12:48.414451
T00269,A062,A011,7114,2026-08-10 15:12:57.414451
T00270,A049,A084,2695,2026-08-10 15:13:07.414451
T00271,A078,A063,2271,2026-08-10 15:13:16.414451
T00272,A014,A028,3493,2026-08-10 15:13:18.414451
T00273,A005,A038,4411,2026-08-10 15:13:19.414451
T00274,A053,A002,2740,2026-08-10 15:13:22.414451
T00275,A016,A029,9534,2026-08-10 15:13:30.414451
T00276,A029,A011,2354,2026-08-10 15:13:32.414451
T00277,A072,A077,6434,2026-08-10 15:13:34.414451
T00278,A031,A081,2651,2026-08-10 15:13:44.414451
T00279,A025,A043,1544,2026-08-10 15:13:47.414451
T00280,A011,A061,5063,2026-08-10 15:13:50.414451
T00281,A013,A082,8016,2026-08-10 15:13:55.414451
T00282,A039,A017,3620,2026-08-10 15:14:01.414451
T00283,A074,A091,1959,2026-08-10 15:14:11.414451
T00284,A024,A064,9396,2026-08-10 15:14:16.414451
T00285,A041,A033,7156,2026-08-10 15:14:24.414451
T00286,A011,A070,2683,2026-08-10 15:14:25.414451
T00287,A079,A057,7026,2026-08-10 15:14:29.414451
T00288,A090,A012,8717,2026-08-10 15:14:32.414451
T00289,A035,A100,9103,2026-08-10 15:14:35.414451
T00290,A085,A059,2796,2026-08-10 15:14:45.414451
T00291,A052,A042,1815,2026-08-10 15:14:54.414451
T00292,A079,A008,7284,2026-08-10 15:15:04.414451
T00293,A098,A072,8769,2026-08-10 15:15:11.414451
T00294,A001,A016,2120,2026-08-10 15:15:19.414451
T00295,A073,A079,2096,2026-08-10 15:15:20.414451
T00296,A079,A043,9428,2026-08-10 15:15:29.414451
T00297,A085,A079,3942,2026-08-10 15:15:30.414451
T00298,A021,A023,4391,2026-08-10 15:15:40.414451
T00299,A045,A024,6564,2026-08-10 15:15:45.414451
T00300,A036,A054,383,2026-08-10 15:15:50.414451
T00301,A018,A090,9462,2026-08-10 15:15:54.414451
T00302,A001,A023,7955,2026-08-10 15:16:00.414451
T00303,A069,A021,7720,2026-08-10 15:16:08.414451
T00304,A072,A045,8613,2026-08-10 15:16:10.414451
T00305,A071,A076,5905,2026-08-10 15:16:16.414451
T00306,A066,A012,1255,2026-08-10 15:16:23.414451
T00307,A095,A014,1237,2026-08-10 15:16:26.414451
T00308,A069,A038,856,2026-08-10 15:16:35.414451
T00309,A015,A078,6541,2026-08-10 15:16:44.414451
T00310,A095,A024,5216,2026-08-10 15:16:48.414451
T00311,A025,A082,726,2026-08-10 15:16:49.414451
T00312,A015,A096,9143,2026-08-10 15:16:50.414451
T00313,A092,A095,9321,2026-08-10 15:16:53.414451
T00314,A091,A057,188,2026-08-10 15:17:00.414451
T00315,A089,A086,965,2026-08-10 15:17:05.414451
T00316,A075,A041,9010,2026-08-10 15:17:15.414451
T00317,A035,A051,8966,2026-08-10 15:17:23.414451
T00318,A011,A047,4266,2026-08-10 15:17:30.414451
T00319,A091,A058,5523,2026-08-10 15:17:40.414451
T00320,A097,A087,4966,2026-08-10 15:17:41.414451
T00321,A084,A009,8446,2026-08-10 15:17:44.414451
T00322,A087,A066,9120,2026-08-10 15:17:50.414451
T00323,A039,A034,4318,2026-08-10 15:17:53.414451
T00324,A023,A058,9062,2026-08-10 15:18:01.414451
T00325,A007,A012,4736,2026-08-10 15:18:09.414451
T00326,A051,A016,8469,2026-08-10 15:18:13.414451
T00327,A023,A011,7995,2026-08-10 15:18:14.414451
T00328,A066,A032,7779,2026-08-10 15:18:22.414451
T00329,A031,A010,9995,2026-08-10 15:18:26.414451
T00330,A081,A096,206,2026-08-10 15:18:27.414451
T00331,A098,A059,3299,2026-08-10 15:18:28.414451
T00332,A082,A070,6727,2026-08-10 15:18:36.414451
T00333,A074,A058,8165,2026-08-10 15:18:44.414451
T00334,A001,A070,5040,2026-08-10 15:18:50.414451
T00335,A023,A031,5258,2026-08-10 15:18:54.414451
T00336,A093,A032,2922,2026-08-10 15:19:01.414451
T00337,A010,A066,9925,2026-08-10 15:19:07.414451
T00338,A055,A099,8103,2026-08-10 15:19:12.414451
T00339,A040,A072,9581,2026-08-10 15:19:15.414451
T00340,A098,A092,7747,2026-08-10 15:19:19.414451
T00341,A026,A012,2069,2026-08-10 15:19:24.414451
T00342,A050,A079,5798,2026-08-10 15:19:31.414451
T00343,A035,A046,6027,2026-08-10 15:19:32.414451
T00344,A044,A002,9995,2026-08-10 15:19:41.414451
T00345,A069,A080,4548,2026-08-10 15:19:46.414451
T00346,A007,A043,6665,2026-08-10 15:19:48.414451
T00347,A076,A063,4877,2026-08-10 15:19:52.414451
T00348,A094,A046,4657,2026-08-10 15:19:54.414451
T00349,A001,A015,522,2026-08-10 15:20:04.414451
T00350,A086,A073,1549,2026-08-10 15:20:14.414451
T00351,A056,A014,2264,2026-08-10 15:20:15.414451
T00352,A013,A083,638,2026-08-10 15:20:16.414451
T00353,A080,A058,9955,2026-08-10 15:20:19.414451
T00354,A022,A028,5900,2026-08-10 15:20:29.414451
T00355,A017,A052,1037,2026-08-10 15:20:32.414451
T00356,A055,A009,2146,2026-08-10 15:20:40.414451
T00357,A055,A038,8744,2026-08-10 15:20:43.414451
T00358,A056,A047,8195,2026-08-10 15:20:50.414451
T00359,A017,A064,4167,2026-08-10 15:20:54.414451
T00360,A063,A031,2825,2026-08-10 15:20:59.414451
T00361,A008,A083,759,2026-08-10 15:21:09.414451
T00362,A083,A023,2687,2026-08-10 15:21:11.414451
T00363,A038,A035,8157,2026-08-10 15:21:13.414451
T00364,A029,A041,4271,2026-08-10 15:21:15.414451
T00365,A068,A052,9715,2026-08-10 15:21:19.414451
T00366,A049,A058,4516,2026-08-10 15:21:21.414451
T00367,A100,A079,3528,2026-08-10 15:21:23.414451
T00368,A082,A039,2894,2026-08-10 15:21:25.414451
T00369,A071,A004,3970,2026-08-10 15:21:26.414451
T00370,A092,A005,3265,2026-08-10 15:21:36.414451
T00371,A027,A069,8825,2026-08-10 15:21:40.414451
T00372,A014,A082,3761,2026-08-10 15:21:48.414451
T00373,A033,A051,2110,2026-08-10 15:21:52.414451
T00374,A065,A051,6818,2026-08-10 15:21:56.414451
T00375,A062,A092,5235,2026-08-10 15:22:00.414451
T00376,A043,A047,4357,2026-08-10 15:22:03.414451
T00377,A028,A056,595,2026-08-10 15:22:04.414451
T00378,A058,A054,8985,2026-08-10 15:22:10.414451
T00379,A043,A058,1022,2026-08-10 15:22:12.414451
T00380,A054,A055,5096,2026-08-10 15:22:17.414451
T00381,A051,A043,2059,2026-08-10 15:22:18.414451
T00382,A044,A042,8779,2026-08-10 15:22:28.414451
T00383,A010,A042,7518,2026-08-10 15:22:29.414451
T00384,A008,A001,2537,2026-08-10 15:22:34.414451
T00385,A051,A078,4480,2026-08-10 15:22:42.414451
T00386,A088,A079,2851,2026-08-10 15:22:49.414451
T00387,A089,A094,8253,2026-08-10 15:22:53.414451
T00388,A028,A080,6147,2026-08-10 15:22:59.414451
T00389,A080,A046,1717,2026-08-10 15:23:06.414451
T00390,A079,A042,2755,2026-08-10 15:23:15.414451
T00391,A034,A012,5380,2026-08-10 15:23:22.414451
T00392,A018,A036,1131,2026-08-10 15:23:23.414451
T00393,A009,A032,3330,2026-08-10 15:23:26.414451
T00394,A028,A021,4708,2026-08-10 15:23:35.414451
T00395,A046,A021,6499,2026-08-10 15:23:37.414451
T00396,A038,A057,8222,2026-08-10 15:23:44.414451
T00397,A057,A078,2904,2026-08-10 15:23:52.414451
T00398,A080,A015,1034,2026-08-10 15:23:55.414451
T00399,A073,A077,1207,2026-08-10 15:24:03.414451
T00400,A089,A042,4826,2026-08-10 15:24:05.414451
T00401,A013,A079,8166,2026-08-10 15:24:15.414451
T00402,A053,A087,3399,2026-08-10 15:24:20.414451
T00403,A079,A041,7200,2026-08-10 15:24:22.414451
T00404,A005,A077,6023,2026-08-10 15:24:28.414451
T00405,A077,A019,3811,2026-08-10 15:24:31.414451
T00406,A009,A064,732,2026-08-10 15:24:38.414451
T00407,A002,A008,655,2026-08-10 15:24:44.414451
T00408,A041,A058,3288,2026-08-10 15:24:52.414451
T00409,A088,A059,4908,2026-08-10 15:24:56.414451
T00410,A069,A100,8161,2026-08-10 15:24:57.414451
T00411,A056,A069,3261,2026-08-10 15:24:58.414451
T00412,A087,A052,7345,2026-08-10 15:25:05.414451
T00413,A066,A020,4912,2026-08-10 15:25:15.414451
T00414,A025,A058,6643,2026-08-10 15:25:21.414451
T00415,A047,A063,1045,2026-08-10 15:25:31.414451
T00416,A002,A088,3703,2026-08-10 15:25:36.414451
T00417,A095,A010,5968,2026-08-10 15:25:43.414451
T00418,A007,A044,7947,2026-08-10 15:25:51.414451
T00419,A017,A057,9615,2026-08-10 15:25:57.414451
T00420,A035,A015,1108,2026-08-10 15:26:01.414451
T00421,A027,A035,5815,2026-08-10 15:26:07.414451
T00422,A089,A063,8505,2026-08-10 15:26:12.414451
T00423,A089,A023,6636,2026-08-10 15:26:17.414451
T00424,A063,A030,3800,2026-08-10 15:26:21.414451
T00425,A079,A043,6355,2026-08-10 15:26:30.414451
T00426,A024,A050,2460,2026-08-10 15:26:31.414451
T00427,A058,A014,2888,2026-08-10 15:26:32.414451
T00428,A068,A020,6429,2026-08-10 15:26:39.414451
T00429,A017,A087,5798,2026-08-10 15:26:43.414451
T00430,A080,A023,2919,2026-08-10 15:26:53.414451
T00431,A021,A044,6114,2026-08-10 15:27:03.414451
T00432,A020,A071,3424,2026-08-10 15:27:10.414451
T00433,A046,A043,2784,2026-08-10 15:27:15.414451
T00434,A050,A075,7796,2026-08-10 15:27:24.414451
T00435,A080,A095,492,2026-08-10 15:27:32.414451
T00436,A012,A010,3828,2026-08-10 15:27:42.414451
T00437,A037,A024,1295,2026-08-10 15:27:46.414451
T00438,A017,A075,8256,2026-08-10 15:27:47.414451
T00439,A025,A055,6395,2026-08-10 15:27:54.414451
T00440,A049,A025,7734,2026-08-10 15:28:02.414451
T00441,A074,A017,2666,2026-08-10 15:28:03.414451
T00442,A034,A053,7555,2026-08-10 15:28:11.414451
T00443,A063,A030,7235,2026-08-10 15:28:15.414451
T00444,A057,A035,6078,2026-08-10 15:28:21.414451
T00445,A070,A002,9024,2026-08-10 15:28:26.414451
T00446,A095,A015,8211,2026-08-10 15:28:33.414451
T00447,A035,A068,7311,2026-08-10 15:28:34.414451
T00448,A017,A048,7484,2026-08-10 15:28:44.414451
T00449,A051,A049,4575,2026-08-10 15:28:52.414451
T00450,A100,A014,259,2026-08-10 15:29:01.414451
T00451,A079,A043,6785,2026-08-10 15:29:05.414451
T00452,A021,A097,4008,2026-08-10 15:29:14.414451
T00453,A060,A028,2970,2026-08-10 15:29:15.414451
T00454,A045,A040,8082,2026-08-10 15:29:19.414451
T00455,A004,A085,4665,2026-08-10 15:29:28.414451
T00456,A063,A056,7924,2026-08-10 15:29:30.414451
T00457,A011,A086,5827,2026-08-10 15:29:38.414451
T00458,A093,A052,7639,2026-08-10 15:29:43.414451
T00459,A037,A010,9058,2026-08-10 15:29:49.414451
T00460,A005,A056,5947,2026-08-10 15:29:56.414451
T00461,A074,A024,9100,2026-08-10 15:30:02.414451
T00462,A064,A034,4908,2026-08-10 15:30:10.414451
T00463,A043,A030,7105,2026-08-10 15:30:19.414451
T00464,A096,A021,9404,2026-08-10 15:30:20.414451
T00465,A036,A076,6523,2026-08-10 15:30:24.414451
T00466,A011,A071,6624,2026-08-10 15:30:33.414451
T00467,A092,A026,1577,2026-08-10 15:30:41.414451
T00468,A013,A025,7726,2026-08-10 15:30:48.414451
T00469,A094,A028,3211,2026-08-10 15:30:52.414451
T00470,A033,A084,9550,2026-08-10 15:30:54.414451
T00471,A062,A051,8153,2026-08-10 15:31:00.414451
T00472,A013,A087,6174,2026-08-10 15:31:04.414451
T00473,A077,A075,5542,2026-08-10 15:31:07.414451
T00474,A066,A065,1405,2026-08-10 15:31:08.414451
T00475,A079,A038,1058,2026-08-10 15:31:14.414451
T00476,A087,A070,2679,2026-08-10 15:31:16.414451
T00477,A057,A073,2442,2026-08-10 15:31:20.414451
T00478,A060,A085,634,2026-08-10 15:31:24.414451
T00479,A019,A044,8048,2026-08-10 15:31:27.414451
T00480,A097,A074,1221,2026-08-10 15:31:29.414451
T00481,A072,A013,3403,2026-08-10 15:31:33.414451
T00482,A041,A043,5844,2026-08-10 15:31:40.414451
T00483,A054,A014,9867,2026-08-10 15:31:42.414451
T00484,A056,A023,2057,2026-08-10 15:31:47.414451
T00485,A014,A055,8701,2026-08-10 15:31:49.414451
T00486,A056,A061,5264,2026-08-10 15:31:50.414451
T00487,A045,A067,7861,2026-08-10 15:31:59.414451
T00488,A072,A014,423,2026-08-10 15:32:03.414451
T00489,A082,A015,9869,2026-08-10 15:32:05.414451
T00490,A100,A051,507,2026-08-10 15:32:12.414451
T00491,A072,A099,9868,2026-08-10 15:32:13.414451
T00492,A062,A022,2162,2026-08-10 15:32:16.414451
T00493,A001,A030,7052,2026-08-10 15:32:23.414451
T00494,A082,A074,8031,2026-08-10 15:32:29.414451
T00495,A056,A032,1570,2026-08-10 15:32:38.414451
T00496,A099,A079,6100,2026-08-10 15:32:41.414451
T00497,A064,A041,8316,2026-08-10 15:32:42.414451
T00498,A049,A030,4892,2026-08-10 15:32:47.414451
T00499,A005,A057,5800,2026-08-10 15:32:48.414451
T00500,A063,A081,355,2026-08-10 15:32:51.414451
T00501,A041,A048,1610,2026-08-10 15:33:01.414451
T00502,A023,A052,6019,2026-08-10 15:33:09.414451
T00503,A044,A054,7768,2026-08-10 15:33:15.414451
T00504,A056,A011,8361,2026-08-10 15:33:20.414451
T00505,A069,A042,4627,2026-08-10 15:33:30.414451
T00506,A053,A006,1997,2026-08-10 15:33:39.414451
T00507,A041,A074,1368,2026-08-10 15:33:48.414451
T00508,A081,A042,2368,2026-08-10 15:33:50.414451
T00509,A053,A036,3313,2026-08-10 15:33:52.414451
T00510,A005,A004,6779,2026-08-10 15:33:58.414451
T00511,A038,A008,9567,2026-08-10 15:34:07.414451
T00512,A001,A017,9942,2026-08-10 15:34:11.414451
T00513,A064,A007,583,2026-08-10 15:34:13.414451
T00514,A074,A018,2772,2026-08-10 15:34:22.414451
T00515,A019,A038,8731,2026-08-10 15:34:24.414451
T00516,A010,A044,6194,2026-08-10 15:34:27.414451
T00517,A011,A012,410,2026-08-10 15:34:36.414451
T00518,A023,A086,4394,2026-08-10 15:34:39.414451
T00519,A036,A085,7942,2026-08-10 15:34:49.414451
T00520,A033,A042,517,2026-08-10 15:34:55.414451
T00521,A019,A035,3452,2026-08-10 15:34:59.414451
T00522,A088,A096,568,2026-08-10 15:35:05.414451
T00523,A012,A062,3080,2026-08-10 15:35:06.414451
T00524,A005,A077,115,2026-08-10 15:35:09.414451
T00525,A050,A095,6136,2026-08-10 15:35:19.414451
T00526,A004,A013,8753,2026-08-10 15:35:25.414451
T00527,A059,A065,6366,2026-08-10 15:35:35.414451
T00528,A009,A051,9592,2026-08-10 15:35:43.414451
T00529,A072,A088,6941,2026-08-10 15:35:44.414451
T00530,A085,A034,4939,2026-08-10 15:35:48.414451
T00531,A058,A010,1035,2026-08-10 15:35:56.414451
T00532,A006,A005,4302,2026-08-10 15:36:06.414451
T00533,A027,A014,1453,2026-08-10 15:36:09.414451
T00534,A091,A051,794,2026-08-10 15:36:15.414451
T00535,A069,A093,9199,2026-08-10 15:36:24.414451
T00536,A036,A035,5829,2026-08-10 15:36:34.414451
T00537,A057,A011,6134,2026-08-10 15:36:42.414451
T00538,A014,A072,351,2026-08-10 15:36:50.414451
T00539,A043,A030,7440,2026-08-10 15:36:57.414451
T00540,A031,A098,3809,2026-08-10 15:37:05.414451
T00541,A020,A074,995,2026-08-10 15:37:09.414451
T00542,A043,A037,7528,2026-08-10 15:37:13.414451
T00543,A040,A054,2008,2026-08-10 15:37:16.414451
T00544,A026,A008,4766,2026-08-10 15:37:21.414451
T00545,A083,A021,3329,2026-08-10 15:37:31.414451
T00546,A067,A091,6485,2026-08-10 15:37:37.414451
T00547,A085,A016,4279,2026-08-10 15:37:47.414451
T00548,A079,A015,7962,2026-08-10 15:37:50.414451
T00549,A015,A078,5011,2026-08-10 15:37:59.414451
T00550,A074,A063,5249,2026-08-10 15:38:02.414451
T00551,A037,A098,4126,2026-08-10 15:38:12.414451
T00552,A070,A038,5676,2026-08-10 15:38:16.414451
T00553,A074,A041,7324,2026-08-10 15:38:19.414451
T00554,A094,A058,9806,2026-08-10 15:38:25.414451
T00555,A042,A021,105,2026-08-10 15:38:28.414451
T00556,A087,A064,3040,2026-08-10 15:38:31.414451
T00557,A053,A049,5233,2026-08-10 15:38:39.414451
T00558,A042,A093,7227,2026-08-10 15:38:47.414451
T00559,A096,A099,6614,2026-08-10 15:38:51.414451
T00560,A028,A064,4512,2026-08-10 15:38:55.414451
T00561,A058,A086,8773,2026-08-10 15:39:04.414451
T00562,A006,A053,5105,2026-08-10 15:39:08.414451
T00563,A077,A098,211,2026-08-10 15:39:12.414451
T00564,A069,A010,3331,2026-08-10 15:39:14.414451
T00565,A093,A018,1060,2026-08-10 15:39:24.414451
T00566,A090,A074,6120,2026-08-10 15:39:29.414451
T00567,A039,A069,977,2026-08-10 15:39:34.414451
T00568,A043,A015,9826,2026-08-10 15:39:43.414451
T00569,A002,A077,2779,2026-08-10 15:39:45.414451
T00570,A064,A086,6251,2026-08-10 15:39:53.414451
T00571,A035,A071,3561,2026-08-10 15:40:00.414451
T00572,A076,A041,2778,2026-08-10 15:40:06.414451
T00573,A042,A031,3814,2026-08-10 15:40:14.414451
T00574,A024,A078,1024,2026-08-10 15:40:19.414451
T00575,A089,A082,3243,2026-08-10 15:40:27.414451
T00576,A081,A010,1461,2026-08-10 15:40:36.414451
T00577,A056,A038,6909,2026-08-10 15:40:38.414451
T00578,A015,A098,5289,2026-08-10 15:40:44.414451
T00579,A076,A021,7779,2026-08-10 15:40:48.414451
T00580,A032,A091,5764,2026-08-10 15:40:49.414451
T00581,A064,A045,5759,2026-08-10 15:40:59.414451
T00582,A057,A045,6062,2026-08-10 15:41:05.414451
T00583,A060,A033,8017,2026-08-10 15:41:11.414451
T00584,A100,A058,1060,2026-08-10 15:41:12.414451
T00585,A048,A071,884,2026-08-10 15:41:18.414451
T00586,A055,A002,7553,2026-08-10 15:41:26.414451
T00587,A099,A008,7916,2026-08-10 15:41:34.414451
T00588,A036,A098,1944,2026-08-10 15:41:37.414451
T00589,A087,A090,4625,2026-08-10 15:41:46.414451
T00590,A043,A099,889,2026-08-10 15:41:53.414451
T00591,A074,A065,1020,2026-08-10 15:41:55.414451
T00592,A093,A096,3758,2026-08-10 15:41:56.414451
T00593,A100,A071,9262,2026-08-10 15:42:03.414451
T00594,A034,A093,8325,2026-08-10 15:42:12.414451
T00595,A081,A010,2016,2026-08-10 15:42:18.414451
T00596,A066,A074,6753,2026-08-10 15:42:26.414451
T00597,A005,A075,2218,2026-08-10 15:42:35.414451
T00598,A046,A061,6678,2026-08-10 15:42:44.414451
T00599,A058,A053,7241,2026-08-10 15:42:48.414451
T00600,A048,A029,2355,2026-08-10 15:42:54.414451
T00601,A083,A026,593,2026-08-10 15:43:03.414451
T00602,A089,A052,8905,2026-08-10 15:43:07.414451
T00603,A061,A005,6169,2026-08-10 15:43:15.414451
T00604,A062,A060,6188,2026-08-10 15:43:24.414451
T00605,A040,A048,2624,2026-08-10 15:43:25.414451
T00606,A004,A025,5059,2026-08-10 15:43:27.414451
T00607,A087,A045,2122,2026-08-10 15:43:34.414451
T00608,A041,A071,8593,2026-08-10 15:43:35.414451
T00609,A043,A098,7930,2026-08-10 15:43:38.414451
T00610,A021,A046,7919,2026-08-10 15:43:41.414451
T00611,A091,A022,1698,2026-08-10 15:43:43.414451
T00612,A084,A078,4591,2026-08-10 15:43:50.414451
T00613,A069,A073,8092,2026-08-10 15:43:58.414451
T00614,A067,A042,3588,2026-08-10 15:44:01.414451
T00615,A052,A024,4734,2026-08-10 15:44:04.414451
T00616,A063,A061,5200,2026-08-10 15:44:11.414451
T00617,A066,A034,5668,2026-08-10 15:44:13.414451
T00618,A062,A030,8976,2026-08-10 15:44:14.414451
T00619,A084,A035,6038,2026-08-10 15:44:15.414451
T00620,A015,A074,6730,2026-08-10 15:44:16.414451
T00621,A079,A084,7622,2026-08-10 15:44:20.414451
T00622,A018,A079,2226,2026-08-10 15:44:21.414451
T00623,A042,A027,1194,2026-08-10 15:44:23.414451
T00624,A035,A031,4093,2026-08-10 15:44:28.414451
T00625,A065,A067,5754,2026-08-10 15:44:34.414451
T00626,A037,A014,6021,2026-08-10 15:44:36.414451
T00627,A066,A071,7022,2026-08-10 15:44:41.414451
T00628,A012,A062,6819,2026-08-10 15:44:51.414451
T00629,A007,A083,9915,2026-08-10 15:44:52.414451
T00630,A078,A035,6095,2026-08-10 15:44:53.414451
T00631,A074,A060,6014,2026-08-10 15:44:57.414451
T00632,A037,A066,5363,2026-08-10 15:45:01.414451
T00633,A089,A028,6689,2026-08-10 15:45:10.414451
T00634,A022,A094,4482,2026-08-10 15:45:15.414451
T00635,A098,A075,2545,2026-08-10 15:45:21.414451
T00636,A034,A043,1722,2026-08-10 15:45:27.414451
T00637,A048,A016,3999,2026-08-10 15:45:28.414451
T00638,A067,A062,5097,2026-08-10 15:45:36.414451
T00639,A090,A031,5290,2026-08-10 15:45:40.414451
T00640,A053,A023,6191,2026-08-10 15:45:45.414451
T00641,A090,A009,6471,2026-08-10 15:45:51.414451
T00642,A098,A079,876,2026-08-10 15:45:53.414451
T00643,A045,A046,2898,2026-08-10 15:46:00.414451
T00644,A018,A055,8362,2026-08-10 15:46:08.414451
T00645,A099,A037,5537,2026-08-10 15:46:09.414451
T00646,A019,A069,6516,2026-08-10 15:46:14.414451
T00647,A020,A089,1253,2026-08-10 15:46:17.414451
T00648,A004,A087,7728,2026-08-10 15:46:23.414451
T00649,A026,A065,3751,2026-08-10 15:46:29.414451
T00650,A088,A014,9287,2026-08-10 15:46:35.414451
T00651,A041,A017,1585,2026-08-10 15:46:36.414451
T00652,A073,A070,7761,2026-08-10 15:46:40.414451
T00653,A098,A068,2665,2026-08-10 15:46:48.414451
T00654,A073,A063,6173,2026-08-10 15:46:49.414451
T00655,A013,A054,8158,2026-08-10 15:46:59.414451
T00656,A039,A006,5571,2026-08-10 15:47:08.414451
T00657,A087,A035,7560,2026-08-10 15:47:17.414451
T00658,A059,A099,5672,2026-08-10 15:47:23.414451
T00659,A055,A007,8815,2026-08-10 15:47:26.414451
T00660,A100,A038,2867,2026-08-10 15:47:34.414451
T00661,A026,A058,6550,2026-08-10 15:47:41.414451
T00662,A019,A032,6876,2026-08-10 15:47:43.414451
T00663,A099,A015,3535,2026-08-10 15:47:46.414451
T00664,A093,A005,6816,2026-08-10 15:47:52.414451
T00665,A097,A093,1463,2026-08-10 15:47:55.414451
T00666,A027,A023,676,2026-08-10 15:48:01.414451
T00667,A011,A064,129,2026-08-10 15:48:09.414451
T00668,A053,A087,8616,2026-08-10 15:48:15.414451
T00669,A047,A035,2436,2026-08-10 15:48:18.414451
T00670,A019,A028,6149,2026-08-10 15:48:22.414451
T00671,A021,A023,4093,2026-08-10 15:48:29.414451
T00672,A023,A091,4394,2026-08-10 15:48:34.414451
T00673,A087,A056,6085,2026-08-10 15:48:37.414451
T00674,A052,A072,300,2026-08-10 15:48:46.414451
T00675,A031,A008,4970,2026-08-10 15:48:56.414451
T00676,A086,A095,7327,2026-08-10 15:49:00.414451
T00677,A035,A046,2072,2026-08-10 15:49:06.414451
T00678,A012,A086,9507,2026-08-10 15:49:07.414451
T00679,A002,A094,6704,2026-08-10 15:49:11.414451
T00680,A076,A041,4032,2026-08-10 15:49:13.414451
T00681,A006,A026,7549,2026-08-10 15:49:19.414451
T00682,A045,A082,3959,2026-08-10 15:49:29.414451
T00683,A082,A062,5533,2026-08-10 15:49:32.414451
T00684,A066,A039,7786,2026-08-10 15:49:42.414451
T00685,A024,A071,4096,2026-08-10 15:49:46.414451
T00686,A058,A031,5488,2026-08-10 15:49:49.414451
T00687,A031,A043,6619,2026-08-10 15:49:50.414451
T00688,A095,A060,7275,2026-08-10 15:49:53.414451
T00689,A068,A034,9526,2026-08-10 15:49:56.414451
T00690,A017,A044,8277,2026-08-10 15:49:58.414451
T00691,A099,A087,3680,2026-08-10 15:50:06.414451
T00692,A071,A036,644,2026-08-10 15:50:08.414451
T00693,A076,A080,5938,2026-08-10 15:50:10.414451
T00694,A012,A005,4282,2026-08-10 15:50:17.414451
T00695,A048,A035,6493,2026-08-10 15:50:26.414451
T00696,A057,A009,8300,2026-08-10 15:50:34.414451
T00697,A055,A091,8302,2026-08-10 15:50:42.414451
T00698,A050,A072,2536,2026-08-10 15:50:45.414451
T00699,A053,A086,239,2026-08-10 15:50:47.414451
T00700,A025,A058,4081,2026-08-10 15:50:50.414451
T00701,A081,A055,4830,2026-08-10 15:50:58.414451
T00702,A094,A100,3448,2026-08-10 15:51:04.414451
T00703,A080,A005,6991,2026-08-10 15:51:13.414451
T00704,A023,A072,1124,2026-08-10 15:51:23.414451
T00705,A006,A008,6491,2026-08-10 15:51:29.414451
T00706,A079,A038,1853,2026-08-10 15:51:39.414451
T00707,A008,A061,9395,2026-08-10 15:51:41.414451
T00708,A095,A013,3620,2026-08-10 15:51:51.414451
T00709,A016,A069,8920,2026-08-10 15:51:57.414451
T00710,A041,A065,2152,2026-08-10 15:51:59.414451
T00711,A041,A015,3313,2026-08-10 15:52:06.414451
T00712,A010,A077,114,2026-08-10 15:52:07.414451
T00713,A039,A042,5445,2026-08-10 15:52:12.414451
T00714,A049,A091,3643,2026-08-10 15:52:18.414451
T00715,A022,A099,2731,2026-08-10 15:52:19.414451
T00716,A018,A076,1143,2026-08-10 15:52:20.414451
T00717,A001,A061,8769,2026-08-10 15:52:27.414451
T00718,A010,A071,5539,2026-08-10 15:52:35.414451
T00719,A079,A046,2436,2026-08-10 15:52:39.414451
T00720,A027,A078,163,2026-08-10 15:52:48.414451
T00721,A017,A030,6629,2026-08-10 15:52:55.414451
T00722,A082,A086,1882,2026-08-10 15:52:57.414451
T00723,A040,A096,7342,2026-08-10 15:53:02.414451
T00724,A033,A023,7975,2026-08-10 15:53:05.414451
T00725,A062,A076,9812,2026-08-10 15:53:09.414451
T00726,A065,A097,5739,2026-08-10 15:53:11.414451
T00727,A051,A096,4304,2026-08-10 15:53:19.414451
T00728,A019,A045,1079,2026-08-10 15:53:28.414451
T00729,A008,A022,3246,2026-08-10 15:53:32.414451
T00730,A087,A010,1878,2026-08-10 15:53:42.414451
T00731,A061,A076,1836,2026-08-10 15:53:51.414451
T00732,A024,A060,1152,2026-08-10 15:53:56.414451
T00733,A020,A033,1384,2026-08-10 15:53:58.414451
T00734,A019,A090,8278,2026-08-10 15:54:02.414451
T00735,A059,A012,7916,2026-08-10 15:54:08.414451
T00736,A029,A069,6275,2026-08-10 15:54:15.414451
T00737,A079,A068,8026,2026-08-10 15:54:24.414451
T00738,A089,A036,6376,2026-08-10 15:54:32.414451
T00739,A089,A008,6882,2026-08-10 15:54:33.414451
T00740,A054,A061,6227,2026-08-10 15:54:35.414451
T00741,A025,A049,3555,2026-08-10 15:54:37.414451
T00742,A026,A036,6036,2026-08-10 15:54:38.414451
T00743,A075,A063,1164,2026-08-10 15:54:48.414451
T00744,A076,A014,7188,2026-08-10 15:54:53.414451
T00745,A008,A098,9057,2026-08-10 15:54:54.414451
T00746,A005,A048,5814,2026-08-10 15:55:01.414451
T00747,A032,A085,8577,2026-08-10 15:55:05.414451
T00748,A002,A057,6206,2026-08-10 15:55:07.414451
T00749,A010,A095,2396,2026-08-10 15:55:12.414451
T00750,A063,A080,6482,2026-08-10 15:55:19.414451
T00751,A093,A017,601,2026-08-10 15:55:23.414451
T00752,A006,A060,2417,2026-08-10 15:55:31.414451
T00753,A057,A051,6567,2026-08-10 15:55:39.414451
T00754,A049,A038,423,2026-08-10 15:55:47.414451
T00755,A070,A092,3745,2026-08-10 15:55:54.414451
T00756,A046,A072,8385,2026-08-10 15:55:58.414451
T00757,A004,A009,2608,2026-08-10 15:56:05.414451
T00758,A063,A077,4097,2026-08-10 15:56:12.414451
T00759,A089,A032,7064,2026-08-10 15:56:21.414451
T00760,A038,A007,4010,2026-08-10 15:56:28.414451
T00761,A030,A027,3508,2026-08-10 15:56:29.414451
T00762,A066,A032,3539,2026-08-10 15:56:32.414451
T00763,A042,A079,5565,2026-08-10 15:56:36.414451
T00764,A078,A051,5455,2026-08-10 15:56:45.414451
T00765,A066,A018,2724,2026-08-10 15:56:47.414451
T00766,A092,A010,3455,2026-08-10 15:56:56.414451
T00767,A053,A033,6211,2026-08-10 15:57:03.414451
T00768,A092,A031,1028,2026-08-10 15:57:13.414451
T00769,A100,A050,3639,2026-08-10 15:57:23.414451
T00770,A051,A078,8571,2026-08-10 15:57:27.414451
T00771,A035,A087,6342,2026-08-10 15:57:32.414451
T00772,A040,A019,7081,2026-08-10 15:57:35.414451
T00773,A075,A098,4430,2026-08-10 15:57:43.414451
T00774,A072,A066,2959,2026-08-10 15:57:53.414451
T00775,A073,A069,762,2026-08-10 15:58:02.414451
T00776,A041,A033,2410,2026-08-10 15:58:10.414451
T00777,A087,A092,1791,2026-08-10 15:58:20.414451
T00778,A098,A078,7610,2026-08-10 15:58:21.414451
T00779,A067,A049,6789,2026-08-10 15:58:30.414451
T00780,A100,A049,5303,2026-08-10 15:58:40.414451
T00781,A017,A100,4995,2026-08-10 15:58:49.414451
T00782,A075,A094,9152,2026-08-10 15:58:50.414451
T00783,A073,A091,7485,2026-08-10 15:59:00.414451
T00784,A091,A005,6653,2026-08-10 15:59:10.414451
T00785,A008,A093,5304,2026-08-10 15:59:14.414451
T00786,A032,A100,4256,2026-08-10 15:59:23.414451
T00787,A049,A040,3637,2026-08-10 15:59:30.414451
T00788,A099,A093,4268,2026-08-10 15:59:40.414451
T00789,A059,A100,9256,2026-08-10 15:59:45.414451
T00790,A002,A061,822,2026-08-10 15:59:49.414451
T00791,A079,A092,4782,2026-08-10 15:59:54.414451
T00792,A007,A032,3537,2026-08-10 16:00:01.414451
T00793,A097,A015,9566,2026-08-10 16:00:04.414451
T00794,A043,A073,599,2026-08-10 16:00:10.414451
T00795,A084,A083,239,2026-08-10 16:00:20.414451
T00796,A069,A061,9388,2026-08-10 16:00:26.414451
T00797,A072,A049,4545,2026-08-10 16:00:31.414451
T00798,A065,A041,6559,2026-08-10 16:00:40.414451
T00799,A084,A056,3094,2026-08-10 16:00:41.414451
T00800,A089,A083,6767,2026-08-10 16:00:45.414451
T00801,A034,A019,2016,2026-08-10 16:00:50.414451
T00802,A082,A030,8369,2026-08-10 16:00:55.414451
T00803,A056,A059,8374,2026-08-10 16:01:01.414451
T00804,A070,A008,7326,2026-08-10 16:01:04.414451
T00805,A087,A001,7186,2026-08-10 16:01:08.414451
T00806,A097,A042,7065,2026-08-10 16:01:18.414451
T00807,A092,A095,6555,2026-08-10 16:01:21.414451
T00808,A065,A028,6139,2026-08-10 16:01:23.414451
T00809,A064,A039,2731,2026-08-10 16:01:30.414451
T00810,A048,A046,8277,2026-08-10 16:01:31.414451
T00811,A086,A067,664,2026-08-10 16:01:33.414451
T00812,A046,A042,6448,2026-08-10 16:01:40.414451
T00813,A045,A001,4981,2026-08-10 16:01:50.414451
T00814,A013,A062,2904,2026-08-10 16:01:51.414451
T00815,A016,A050,6243,2026-08-10 16:01:53.414451
T00816,A087,A077,1503,2026-08-10 16:01:56.414451
T00817,A056,A019,9015,2026-08-10 16:02:05.414451
T00818,A020,A066,7244,2026-08-10 16:02:09.414451
T00819,A063,A074,6715,2026-08-10 16:02:13.414451
T00820,A036,A092,1189,2026-08-10 16:02:18.414451
T00821,A044,A002,8289,2026-08-10 16:02:22.414451
T00822,A019,A097,9610,2026-08-10 16:02:24.414451
T00823,A095,A022,4909,2026-08-10 16:02:34.414451
T00824,A022,A067,2044,2026-08-10 16:02:43.414451
T00825,A010,A097,4480,2026-08-10 16:02:44.414451
T00826,A011,A061,2833,2026-08-10 16:02:46.414451
T00827,A069,A010,4245,2026-08-10 16:02:47.414451
T00828,A010,A015,9326,2026-08-10 16:02:57.414451
T00829,A088,A032,1503,2026-08-10 16:03:03.414451
T00830,A010,A056,5184,2026-08-10 16:03:04.414451
T00831,A030,A010,494,2026-08-10 16:03:07.414451
T00832,A050,A051,7426,2026-08-10 16:03:10.414451
T00833,A069,A086,6444,2026-08-10 16:03:16.414451
T00834,A003,A005,5641,2026-08-10 16:03:25.414451
T00835,A008,A069,7183,2026-08-10 16:03:31.414451
T00836,A008,A056,3091,2026-08-10 16:03:38.414451
T00837,A048,A020,4383,2026-08-10 16:03:39.414451
T00838,A010,A077,9070,2026-08-10 16:03:45.414451
T00839,A012,A004,3297,2026-08-10 16:03:54.414451
T00840,A055,A075,6322,2026-08-10 16:03:59.414451
T00841,A047,A011,9774,2026-08-10 16:04:04.414451
T00842,A092,A033,6970,2026-08-10 16:04:09.414451
T00843,A019,A073,7667,2026-08-10 16:04:19.414451
T00844,A087,A081,9959,2026-08-10 16:04:21.414451
T00845,A090,A023,7864,2026-08-10 16:04:26.414451
T00846,A061,A010,4266,2026-08-10 16:04:28.414451
T00847,A071,A007,9174,2026-08-10 16:04:33.414451
T00848,A016,A028,1867,2026-08-10 16:04:40.414451
T00849,A037,A043,5308,2026-08-10 16:04:46.414451
T00850,A060,A009,5462,2026-08-10 16:04:53.414451
T00851,A013,A023,4838,2026-08-10 16:04:58.414451
T00852,A028,A075,2150,2026-08-10 16:05:08.414451
T00853,A008,A043,2721,2026-08-10 16:05:17.414451
T00854,A066,A048,4199,2026-08-10 16:05:27.414451
T00855,A072,A096,4030,2026-08-10 16:05:34.414451
T00856,A044,A069,5610,2026-08-10 16:05:42.414451
T00857,A006,A057,7882,2026-08-10 16:05:44.414451
T00858,A092,A007,2586,2026-08-10 16:05:49.414451
T00859,A030,A026,8712,2026-08-10 16:05:54.414451
T00860,A094,A064,3725,2026-08-10 16:06:03.414451
T00861,A045,A059,4820,2026-08-10 16:06:07.414451
T00862,A030,A029,5823,2026-08-10 16:06:11.414451
T00863,A064,A070,5375,2026-08-10 16:06:18.414451
T00864,A082,A032,6549,2026-08-10 16:06:22.414451
T00865,A029,A076,1186,2026-08-10 16:06:24.414451
T00866,A089,A002,981,2026-08-10 16:06:26.414451
T00867,A062,A012,289,2026-08-10 16:06:30.414451
T00868,A014,A002,8237,2026-08-10 16:06:34.414451
T00869,A071,A095,7476,2026-08-10 16:06:38.414451
T00870,A077,A088,9209,2026-08-10 16:06:43.414451
T00871,A094,A030,1283,2026-08-10 16:06:44.414451
T00872,A005,A034,4483,2026-08-10 16:06:51.414451
T00873,A046,A006,1267,2026-08-10 16:06:55.414451
T00874,A014,A056,1907,2026-08-10 16:07:00.414451
T00875,A064,A022,1911,2026-08-10 16:07:05.414451
T00876,A060,A061,307,2026-08-10 16:07:07.414451
T00877,A060,A012,7642,2026-08-10 16:07:12.414451
T00878,A011,A019,8344,2026-08-10 16:07:16.414451
T00879,A022,A033,2511,2026-08-10 16:07:22.414451
T00880,A035,A071,8468,2026-08-10 16:07:26.414451
T00881,A041,A068,4610,2026-08-10 16:07:28.414451
T00882,A050,A054,1836,2026-08-10 16:07:31.414451
T00883,A007,A020,5719,2026-08-10 16:07:39.414451
T00884,A040,A009,6525,2026-08-10 16:07:49.414451
T00885,A073,A080,4087,2026-08-10 16:07:56.414451
T00886,A066,A061,3314,2026-08-10 16:08:03.414451
T00887,A019,A087,4835,2026-08-10 16:08:10.414451
T00888,A071,A090,8888,2026-08-10 16:08:13.414451
T00889,A069,A026,7503,2026-08-10 16:08:15.414451
T00890,A098,A023,1474,2026-08-10 16:08:23.414451
T00891,A079,A051,5206,2026-08-10 16:08:30.414451
T00892,A074,A054,7187,2026-08-10 16:08:31.414451
T00893,A038,A033,2220,2026-08-10 16:08:39.414451
T00894,A039,A075,4614,2026-08-10 16:08:40.414451
T00895,A078,A041,6991,2026-08-10 16:08:50.414451
T00896,A010,A076,9561,2026-08-10 16:08:56.414451
T00897,A039,A086,2807,2026-08-10 16:09:00.414451
T00898,A025,A001,5442,2026-08-10 16:09:05.414451
T00899,A099,A007,7957,2026-08-10 16:09:14.414451
T00900,A078,A075,6215,2026-08-10 16:09:20.414451
FRAUD_CIRC_01_1,F01_1,F01_2,8910,2026-08-10 16:09:25.414451
FRAUD_CIRC_01_2,F01_2,F01_3,6648,2026-08-10 16:09:26.414451
FRAUD_CIRC_01_3,F01_3,F01_4,6901,2026-08-10 16:09:30.414451
FRAUD_CIRC_01_4,F01_4,F01_5,7372,2026-08-10 16:09:34.414451
FRAUD_CIRC_01_5,F01_5,F01_1,7420,2026-08-10 16:09:35.414451
FRAUD_CIRC_02_1,F02_1,F02_2,4565,2026-08-10 16:09:37.414451
FRAUD_CIRC_02_2,F02_2,F02_3,7162,2026-08-10 16:09:42.414451
FRAUD_CIRC_02_3,F02_3,F02_4,4506,2026-08-10 16:09:43.414451
FRAUD_CIRC_02_4,F02_4,F02_5,5548,2026-08-10 16:09:48.414451
FRAUD_CIRC_02_5,F02_5,F02_1,7944,2026-08-10 16:09:53.414451
FRAUD_CIRC_03_1,F03_1,F03_2,6002,2026-08-10 16:09:54.414451
FRAUD_CIRC_03_2,F03_2,F03_3,8832,2026-08-10 16:09:59.414451
FRAUD_CIRC_03_3,F03_3,F03_4,4328,2026-08-10 16:10:00.414451
FRAUD_CIRC_03_4,F03_4,F03_5,6381,2026-08-10 16:10:01.414451
FRAUD_CIRC_03_5,F03_5,F03_1,4779,2026-08-10 16:10:06.414451
FRAUD_CIRC_04_1,F04_1,F04_2,6860,2026-08-10 16:10:09.414451
FRAUD_CIRC_04_2,F04_2,F04_3,8706,2026-08-10 16:10:14.414451
FRAUD_CIRC_04_3,F04_3,F04_4,5392,2026-08-10 16:10:17.414451
FRAUD_CIRC_04_4,F04_4,F04_5,4310,2026-08-10 16:10:22.414451
FRAUD_CIRC_04_5,F04_5,F04_1,8216,2026-08-10 16:10:25.414451
FRAUD_CIRC_05_1,F05_1,F05_2,4483,2026-08-10 16:10:28.414451
FRAUD_CIRC_05_2,F05_2,F05_3,7364,2026-08-10 16:10:32.414451
FRAUD_CIRC_05_3,F05_3,F05_4,7858,2026-08-10 16:10:36.414451
FRAUD_CIRC_05_4,F05_4,F05_5,6505,2026-08-10 16:10:41.414451
FRAUD_CIRC_05_5,F05_5,F05_1,4460,2026-08-10 16:10:44.414451
FRAUD_CIRC_06_1,F06_1,F06_2,8756,2026-08-10 16:10:45.414451
FRAUD_CIRC_06_2,F06_2,F06_3,8430,2026-08-10 16:10:50.414451
FRAUD_CIRC_06_3,F06_3,F06_4,8413,2026-08-10 16:10:52.414451
FRAUD_CIRC_06_4,F06_4,F06_5,4050,2026-08-10 16:10:57.414451
FRAUD_CIRC_06_5,F06_5,F06_1,8181,2026-08-10 16:11:00.414451
FRAUD_CIRC_07_1,F07_1,F07_2,6364,2026-08-10 16:11:01.414451
FRAUD_CIRC_07_2,F07_2,F07_3,6001,2026-08-10 16:11:02.414451
FRAUD_CIRC_07_3,F07_3,F07_4,7849,2026-08-10 16:11:03.414451
FRAUD_CIRC_07_4,F07_4,F07_5,8999,2026-08-10 16:11:07.414451
FRAUD_CIRC_07_5,F07_5,F07_1,4533,2026-08-10 16:11:09.414451
FRAUD_CIRC_08_1,F08_1,F08_2,4797,2026-08-10 16:11:13.414451
FRAUD_CIRC_08_2,F08_2,F08_3,5949,2026-08-10 16:11:17.414451
FRAUD_CIRC_08_3,F08_3,F08_4,5042,2026-08-10 16:11:18.414451
FRAUD_CIRC_08_4,F08_4,F08_5,8246,2026-08-10 16:11:22.414451
FRAUD_CIRC_08_5,F08_5,F08_1,6751,2026-08-10 16:11:27.414451
FRAUD_CIRC_09_1,F09_1,F09_2,5078,2026-08-10 16:11:28.414451
FRAUD_CIRC_09_2,F09_2,F09_3,7923,2026-08-10 16:11:33.414451
FRAUD_CIRC_09_3,F09_3,F09_4,7023,2026-08-10 16:11:36.414451
FRAUD_CIRC_09_4,F09_4,F09_5,6027,2026-08-10 16:11:40.414451
FRAUD_CIRC_09_5,F09_5,F09_1,7570,2026-08-10 16:11:44.414451
FRAUD_CIRC_10_1,F10_1,F10_2,7597,2026-08-10 16:11:49.414451
FRAUD_CIRC_10_2,F10_2,F10_3,8821,2026-08-10 16:11:52.414451
FRAUD_CIRC_10_3,F10_3,F10_4,5525,2026-08-10 16:11:57.414451
FRAUD_CIRC_10_4,F10_4,F10_5,4849,2026-08-10 16:12:01.414451
FRAUD_CIRC_10_5,F10_5,F10_1,7578,2026-08-10 16:12:06.414451
FRAUD_STAR_01_1,SB01_1,SHELL_01,12160,2026-08-10 16:12:09.414451
FRAUD_STAR_01_2,SB01_2,SHELL_01,12744,2026-08-10 16:12:10.414451
FRAUD_STAR_01_3,SB01_3,SHELL_01,11067,2026-08-10 16:12:12.414451
FRAUD_STAR_01_4,SB01_4,SHELL_01,8683,2026-08-10 16:12:16.414451
FRAUD_STAR_01_5,SB01_5,SHELL_01,5819,2026-08-10 16:12:20.414451
FRAUD_STAR_02_1,SB02_1,SHELL_02,14072,2026-08-10 16:12:22.414451
FRAUD_STAR_02_2,SB02_2,SHELL_02,8539,2026-08-10 16:12:27.414451
FRAUD_STAR_02_3,SB02_3,SHELL_02,5908,2026-08-10 16:12:32.414451
FRAUD_STAR_02_4,SB02_4,SHELL_02,8946,2026-08-10 16:12:37.414451
FRAUD_STAR_02_5,SB02_5,SHELL_02,8426,2026-08-10 16:12:41.414451
FRAUD_STAR_03_1,SB03_1,SHELL_03,10142,2026-08-10 16:12:43.414451
FRAUD_STAR_03_2,SB03_2,SHELL_03,8082,2026-08-10 16:12:45.414451
FRAUD_STAR_03_3,SB03_3,SHELL_03,7802,2026-08-10 16:12:49.414451
FRAUD_STAR_03_4,SB03_4,SHELL_03,5055,2026-08-10 16:12:54.414451
FRAUD_STAR_03_5,SB03_5,SHELL_03,10446,2026-08-10 16:12:59.414451
FRAUD_STAR_04_1,SB04_1,SHELL_04,5970,2026-08-10 16:13:01.414451
FRAUD_STAR_04_2,SB04_2,SHELL_04,13305,2026-08-10 16:13:03.414451
FRAUD_STAR_04_3,SB04_3,SHELL_04,8559,2026-08-10 16:13:08.414451
FRAUD_STAR_04_4,SB04_4,SHELL_04,8449,2026-08-10 16:13:09.414451
FRAUD_STAR_04_5,SB04_5,SHELL_04,9661,2026-08-10 16:13:12.414451
FRAUD_STAR_05_1,SB05_1,SHELL_05,14012,2026-08-10 16:13:17.414451
FRAUD_STAR_05_2,SB05_2,SHELL_05,13414,2026-08-10 16:13:19.414451
FRAUD_STAR_05_3,SB05_3,SHELL_05,11615,2026-08-10 16:13:22.414451
FRAUD_STAR_05_4,SB05_4,SHELL_05,7627,2026-08-10 16:13:24.414451
FRAUD_STAR_05_5,SB05_5,SHELL_05,11129,2026-08-10 16:13:29.414451
FRAUD_STAR_06_1,SB06_1,SHELL_06,11216,2026-08-10 16:13:31.414451
FRAUD_STAR_06_2,SB06_2,SHELL_06,13008,2026-08-10 16:13:33.414451
FRAUD_STAR_06_3,SB06_3,SHELL_06,10338,2026-08-10 16:13:35.414451
FRAUD_STAR_06_4,SB06_4,SHELL_06,9968,2026-08-10 16:13:36.414451
FRAUD_STAR_06_5,SB06_5,SHELL_06,9147,2026-08-10 16:13:38.414451
FRAUD_STAR_07_1,SB07_1,SHELL_07,10834,2026-08-10 16:13:42.414451
FRAUD_STAR_07_2,SB07_2,SHELL_07,8067,2026-08-10 16:13:45.414451
FRAUD_STAR_07_3,SB07_3,SHELL_07,13407,2026-08-10 16:13:47.414451
FRAUD_STAR_07_4,SB07_4,SHELL_07,13678,2026-08-10 16:13:48.414451
FRAUD_STAR_07_5,SB07_5,SHELL_07,6702,2026-08-10 16:13:50.414451
FRAUD_STAR_08_1,SB08_1,SHELL_08,7461,2026-08-10 16:13:54.414451
FRAUD_STAR_08_2,SB08_2,SHELL_08,10917,2026-08-10 16:13:59.414451
FRAUD_STAR_08_3,SB08_3,SHELL_08,5004,2026-08-10 16:14:04.414451
FRAUD_STAR_08_4,SB08_4,SHELL_08,7419,2026-08-10 16:14:07.414451
FRAUD_STAR_08_5,SB08_5,SHELL_08,7562,2026-08-10 16:14:10.414451
FRAUD_STAR_09_1,SB09_1,SHELL_09,9878,2026-08-10 16:14:14.414451
FRAUD_STAR_09_2,SB09_2,SHELL_09,9077,2026-08-10 16:14:18.414451
FRAUD_STAR_09_3,SB09_3,SHELL_09,5811,2026-08-10 16:14:21.414451
FRAUD_STAR_09_4,SB09_4,SHELL_09,13727,2026-08-10 16:14:25.414451
FRAUD_STAR_09_5,SB09_5,SHELL_09,6263,2026-08-10 16:14:26.414451
FRAUD_STAR_10_1,SB10_1,SHELL_10,5119,2026-08-10 16:14:30.414451
FRAUD_STAR_10_2,SB10_2,SHELL_10,14306,2026-08-10 16:14:31.414451
FRAUD_STAR_10_3,SB10_3,SHELL_10,10584,2026-08-10 16:14:34.414451
FRAUD_STAR_10_4,SB10_4,SHELL_10,9473,2026-08-10 16:14:35.414451
FRAUD_STAR_10_5,SB10_5,SHELL_10,8327,2026-08-10 16:14:37.414451
